{"gamma": 0.001, "L": 0.011111111111111112, "D": 0.14285714285714285, "hosp": 0.07142857142857142, "R": 100}